{"cameraMode":{"drawMode":2,"name":"Shaded Wireframe","section":"Shading Mode"},"sceneLighting":true,"audioPlay":false,"sceneViewState":{"m_AlwaysRefresh":false,"showFog":true,"showSkybox":true,"showFlares":true,"showImageEffects":true,"showParticleSystems":true,"showVisualEffectGraphs":true,"m_FxEnabled":true},"in2DMode":false,"pivot":{"x":-1.9559564590454102,"y":1.654147982597351,"z":-0.003244856372475624},"rotation":{"x":-0.02300168201327324,"y":0.7803823351860046,"z":-0.028728675097227098,"w":-0.6242514252662659},"size":2.8473169803619386,"orthographic":false}